Group,mean,min,max,median
Converted,1.2124054054054054,1.019,1.388,1.234
Demented,1.1968904109589042,0.897,1.535,1.1885
Nondemented,1.1910631578947368,0.876,1.587,1.19
