Group,mean,min,max,median
Converted,1459.2702702702702,1264,1722,1423.0
Demented,1485.849315068493,1143,1957,1476.5
Nondemented,1495.5,1106,2004,1474.5
