Group,mean,min,max,median
Converted,0.7237297297297297,0.666,0.799,0.718
Demented,0.7163013698630137,0.646,0.806,0.712
Nondemented,0.7408999999999999,0.644,0.837,0.739
